filename,title,source_chapter,word_count,image_count,link_count,flags,file
musinique-187478822-review-the-creative-act-a-way-of-being.md,Review - The Creative Act: A Way of Being,,2165,1,1,,/Users/bear/Documents/CoWork/bear-textbooks/books/musinique/articles/musinique-187478822-review-the-creative-act-a-way-of-being.md
musinique-187481091-ai-as-the-punk-rock-of-music-software.md,AI as the Punk Rock of Music Software,,2252,1,1,,/Users/bear/Documents/CoWork/bear-textbooks/books/musinique/articles/musinique-187481091-ai-as-the-punk-rock-of-music-software.md
musinique-187681181-the-thirty-second-soul.md,The Thirty-Second Soul,,1850,1,1,,/Users/bear/Documents/CoWork/bear-textbooks/books/musinique/articles/musinique-187681181-the-thirty-second-soul.md
musinique-187824794-how-music-works.md,How Music Works,,3014,1,1,,/Users/bear/Documents/CoWork/bear-textbooks/books/musinique/articles/musinique-187824794-how-music-works.md
musinique-188009916-when-the-spiritual-gets-stripped-nik-bear-brown-s-kingdom-must-come-down-and-the-question-of-what-ai-should-be-allowed-to-touch.md,"When the Spiritual Gets Stripped: Nik Bear Brown's ""Kingdom Must Come Down"" and the Question of What AI Should Be Allowed to Touch",,2447,0,0,no-images,/Users/bear/Documents/CoWork/bear-textbooks/books/musinique/articles/musinique-188009916-when-the-spiritual-gets-stripped-nik-bear-brown-s-kingdom-must-come-down-and-the-question-of-what-ai-should-be-allowed-to-touch.md
musinique-188013077-spotify-algorithms.md,Spotify Algorithms,,6666,1,1,missing-subtitle,/Users/bear/Documents/CoWork/bear-textbooks/books/musinique/articles/musinique-188013077-spotify-algorithms.md
musinique-188013400-spotify-profits-2-0.md, Spotify Profits 2.0,,5463,5,5,missing-subtitle,/Users/bear/Documents/CoWork/bear-textbooks/books/musinique/articles/musinique-188013400-spotify-profits-2-0.md
musinique-188014429-spotify-the-curator-s-playbook.md,"Spotify, the Curator's Playbook",,7547,3,3,,/Users/bear/Documents/CoWork/bear-textbooks/books/musinique/articles/musinique-188014429-spotify-the-curator-s-playbook.md
musinique-188015165-no-bull-music-theory-for-guitarists.md,No Bull Music Theory for Guitarists ,,4541,1,1,,/Users/bear/Documents/CoWork/bear-textbooks/books/musinique/articles/musinique-188015165-no-bull-music-theory-for-guitarists.md
musinique-188015281-musicophilia-tales-of-music-and-the-brain.md,Musicophilia: Tales of Music and the Brain,,6763,1,1,,/Users/bear/Documents/CoWork/bear-textbooks/books/musinique/articles/musinique-188015281-musicophilia-tales-of-music-and-the-brain.md
musinique-188015417-i-heard-there-was-a-secret-chord-music-as-medicine.md,I Heard There Was a Secret Chord: Music as Medicine,,8299,1,1,,/Users/bear/Documents/CoWork/bear-textbooks/books/musinique/articles/musinique-188015417-i-heard-there-was-a-secret-chord-music-as-medicine.md
musinique-188015497-this-is-your-brain-on-music-the-science-of-a-human-obsession.md,This Is Your Brain on Music: The Science of a Human Obsession,,7748,1,1,,/Users/bear/Documents/CoWork/bear-textbooks/books/musinique/articles/musinique-188015497-this-is-your-brain-on-music-the-science-of-a-human-obsession.md
musinique-188015861-mood-machine-the-rise-of-spotify-and-the-costs-of-the-perfect-playlist.md,Mood Machine: The Rise of Spotify and the Costs of the Perfect Playlist,,13283,1,1,,/Users/bear/Documents/CoWork/bear-textbooks/books/musinique/articles/musinique-188015861-mood-machine-the-rise-of-spotify-and-the-costs-of-the-perfect-playlist.md
musinique-188051144-musinique-platform.md,MUSINIQUE PLATFORM,,5259,0,6,no-images,/Users/bear/Documents/CoWork/bear-textbooks/books/musinique/articles/musinique-188051144-musinique-platform.md
musinique-188064753-the-invisible-replacement-how-spotify-s-ghost-artists-are-disappearing-real-musicians.md,The Invisible Replacement: How Spotify's Ghost Artists Are Disappearing Real Musicians,,2323,1,2,,/Users/bear/Documents/CoWork/bear-textbooks/books/musinique/articles/musinique-188064753-the-invisible-replacement-how-spotify-s-ghost-artists-are-disappearing-real-musicians.md
musinique-188071975-the-ghost-in-the-machine-what-40-spotify-artists-reveal-about-streaming-s-invisible-fraud.md,The Ghost in the Machine: What 40 Spotify Artists Reveal About Streaming's Invisible Fraud,,1911,1,2,duplicate-title,/Users/bear/Documents/CoWork/bear-textbooks/books/musinique/articles/musinique-188071975-the-ghost-in-the-machine-what-40-spotify-artists-reveal-about-streaming-s-invisible-fraud.md
musinique-188543297-strategic-diagnostic-spotify-the-perfect-fit-content-conflict.md,Strategic Diagnostic: Spotify & the Perfect Fit Content Conflict,,2627,0,0,missing-subtitle;no-images,/Users/bear/Documents/CoWork/bear-textbooks/books/musinique/articles/musinique-188543297-strategic-diagnostic-spotify-the-perfect-fit-content-conflict.md
musinique-188685388-all-you-need-to-know-about-the-music-business-11th-edition.md,"All You Need to Know About the Music Business, 11th Edition",,4608,1,1,,/Users/bear/Documents/CoWork/bear-textbooks/books/musinique/articles/musinique-188685388-all-you-need-to-know-about-the-music-business-11th-edition.md
musinique-188685988-how-music-and-mathematics-relate.md,How Music and Mathematics Relate,,6246,1,1,,/Users/bear/Documents/CoWork/bear-textbooks/books/musinique/articles/musinique-188685988-how-music-and-mathematics-relate.md
musinique-188686301-music-a-subversive-history.md,Music: A Subversive History,,4329,1,1,,/Users/bear/Documents/CoWork/bear-textbooks/books/musinique/articles/musinique-188686301-music-a-subversive-history.md
musinique-188688496-the-secrets-of-songwriting.md,The Secrets of Songwriting,,7053,1,1,,/Users/bear/Documents/CoWork/bear-textbooks/books/musinique/articles/musinique-188688496-the-secrets-of-songwriting.md
musinique-188950081-the-wizard-behind-the-curtain-has-a-balance-sheet.md,The Wizard Behind the Curtain Has a Balance Sheet,,1717,1,1,,/Users/bear/Documents/CoWork/bear-textbooks/books/musinique/articles/musinique-188950081-the-wizard-behind-the-curtain-has-a-balance-sheet.md
musinique-188951872-be-thou-my-vision.md,Be Thou My Vision,,931,1,1,,/Users/bear/Documents/CoWork/bear-textbooks/books/musinique/articles/musinique-188951872-be-thou-my-vision.md
musinique-189222823-spotify-communications-audit.md,SPOTIFY COMMUNICATIONS AUDIT,,3327,1,1,,/Users/bear/Documents/CoWork/bear-textbooks/books/musinique/articles/musinique-189222823-spotify-communications-audit.md
musinique-189322198-music-the-business.md,Music: The Business,,5931,1,1,,/Users/bear/Documents/CoWork/bear-textbooks/books/musinique/articles/musinique-189322198-music-the-business.md
musinique-189493315-musinique-project.md,Musinique Project,,2575,1,30,,/Users/bear/Documents/CoWork/bear-textbooks/books/musinique/articles/musinique-189493315-musinique-project.md
musinique-189499839-the-voice-that-became-a-constellation.md,The Voice That Became a Constellation,,2496,1,1,,/Users/bear/Documents/CoWork/bear-textbooks/books/musinique/articles/musinique-189499839-the-voice-that-became-a-constellation.md
musinique-189506904-the-space-between-the-notes.md,The Space Between the Notes,,1643,1,1,,/Users/bear/Documents/CoWork/bear-textbooks/books/musinique/articles/musinique-189506904-the-space-between-the-notes.md
musinique-189735487-strange-brothers-feat-mayfield-king.md,Strange Brothers (feat. Mayfield King),,1185,1,2,,/Users/bear/Documents/CoWork/bear-textbooks/books/musinique/articles/musinique-189735487-strange-brothers-feat-mayfield-king.md
musinique-189786940-what-happens-when-you-run-the-ogilvy-brandvoice-command-on-musinique.md,What Happens When You Run the Ogilvy Brandvoice Command on Musinique,,3266,1,1,,/Users/bear/Documents/CoWork/bear-textbooks/books/musinique/articles/musinique-189786940-what-happens-when-you-run-the-ogilvy-brandvoice-command-on-musinique.md
musinique-189811052-the-dollar-that-looks-like-fifty-midjourney-pcodes-and-the-art-of-creating-a-visual-language.md,The Dollar That Looks Like Fifty: Midjourney Pcodes and the Art of Creating a Visual Language,,1848,2,3,,/Users/bear/Documents/CoWork/bear-textbooks/books/musinique/articles/musinique-189811052-the-dollar-that-looks-like-fifty-midjourney-pcodes-and-the-art-of-creating-a-visual-language.md
musinique-189812731-strange-brothers-how-a-dead-photographer-s-eye-became-a-protest-video.md,Strange Brothers: How a Dead Photographer's Eye Became a Protest Video,,1464,2,3,,/Users/bear/Documents/CoWork/bear-textbooks/books/musinique/articles/musinique-189812731-strange-brothers-how-a-dead-photographer-s-eye-became-a-protest-video.md
musinique-189833230-the-ghost-who-teaches-nana-coree-and-the-tool-that-points-backward.md,The Ghost Who Teaches: Nana Coree and the Tool That Points Backward,,1850,0,0,no-images,/Users/bear/Documents/CoWork/bear-textbooks/books/musinique/articles/musinique-189833230-the-ghost-who-teaches-nana-coree-and-the-tool-that-points-backward.md
musinique-189835119-f2f.md,F2F,,2161,0,0,missing-subtitle;no-images,/Users/bear/Documents/CoWork/bear-textbooks/books/musinique/articles/musinique-189835119-f2f.md
musinique-189835130-the-incantation-is-hitting-play.md,The Incantation Is Hitting Play,,2181,1,1,,/Users/bear/Documents/CoWork/bear-textbooks/books/musinique/articles/musinique-189835130-the-incantation-is-hitting-play.md
musinique-189846845-the-honey-and-the-thunder-introducing-cletus-bear-spuckler.md,The Honey and the Thunder: Introducing Cletus Bear Spuckler,,1376,1,1,,/Users/bear/Documents/CoWork/bear-textbooks/books/musinique/articles/musinique-189846845-the-honey-and-the-thunder-introducing-cletus-bear-spuckler.md
musinique-189901785-joy-to-the-world-the-voice-that-means-what-it-sings.md,Joy to the World: The Voice That Means What It Sings,,1596,1,1,missing-subtitle,/Users/bear/Documents/CoWork/bear-textbooks/books/musinique/articles/musinique-189901785-joy-to-the-world-the-voice-that-means-what-it-sings.md
musinique-189926570-we-three-kings-nik-bear.md,We Three Kings (Nik Bear),,2326,1,1,missing-subtitle,/Users/bear/Documents/CoWork/bear-textbooks/books/musinique/articles/musinique-189926570-we-three-kings-nik-bear.md
musinique-189928053-he-s-popeye-the-sailor-man.md,He's Popeye the Sailor Man,,2232,1,1,,/Users/bear/Documents/CoWork/bear-textbooks/books/musinique/articles/musinique-189928053-he-s-popeye-the-sailor-man.md
musinique-189928763-c-is-for-cookie-sing-a-long.md,C is for Cookie | Sing-a-Long,,2037,1,1,,/Users/bear/Documents/CoWork/bear-textbooks/books/musinique/articles/musinique-189928763-c-is-for-cookie-sing-a-long.md
musinique-189930240-mr-potato-head.md,Mr. Potato Head,,2047,1,1,,/Users/bear/Documents/CoWork/bear-textbooks/books/musinique/articles/musinique-189930240-mr-potato-head.md
musinique-189931115-woolly-tales-the-three-sheep-variations.md,Woolly Tales: The Three Sheep Variations,,2055,1,1,,/Users/bear/Documents/CoWork/bear-textbooks/books/musinique/articles/musinique-189931115-woolly-tales-the-three-sheep-variations.md
musinique-189932762-the-journey-through-oz-part-i.md,"The Journey Through Oz, Part I",,2428,1,1,,/Users/bear/Documents/CoWork/bear-textbooks/books/musinique/articles/musinique-189932762-the-journey-through-oz-part-i.md
musinique-189947425-magic-art-of-the-great-humbug.md,Magic Art of the Great Humbug,,2412,1,1,,/Users/bear/Documents/CoWork/bear-textbooks/books/musinique/articles/musinique-189947425-magic-art-of-the-great-humbug.md
musinique-189948310-the-fisherman-and-his-wife.md,The Fisherman and His Wife,,2432,1,1,,/Users/bear/Documents/CoWork/bear-textbooks/books/musinique/articles/musinique-189948310-the-fisherman-and-his-wife.md
musinique-189950375-jack-an-jill.md,Jack an' Jill,,2267,1,1,,/Users/bear/Documents/CoWork/bear-textbooks/books/musinique/articles/musinique-189950375-jack-an-jill.md
musinique-189952888-ms-austen.md,Ms Austen,,2074,1,1,,/Users/bear/Documents/CoWork/bear-textbooks/books/musinique/articles/musinique-189952888-ms-austen.md
musinique-189953739-four-small-feet-through-oz.md,Four Small Feet Through Oz,,2139,1,1,,/Users/bear/Documents/CoWork/bear-textbooks/books/musinique/articles/musinique-189953739-four-small-feet-through-oz.md
musinique-189954807-the-cowardly-lion-s-lament.md,The Cowardly Lion's Lament,,1877,1,1,,/Users/bear/Documents/CoWork/bear-textbooks/books/musinique/articles/musinique-189954807-the-cowardly-lion-s-lament.md
musinique-189955281-the-tin-man-s-heart.md,The Tin Man's Heart,,2078,1,1,,/Users/bear/Documents/CoWork/bear-textbooks/books/musinique/articles/musinique-189955281-the-tin-man-s-heart.md
musinique-189955826-grasshopper-pie-and-the-brain-that-wants-to-know-more.md,Grasshopper Pie and the Brain That Wants to Know More,,2330,1,1,,/Users/bear/Documents/CoWork/bear-textbooks/books/musinique/articles/musinique-189955826-grasshopper-pie-and-the-brain-that-wants-to-know-more.md
musinique-189957456-the-question-behind-the-question.md,The Question Behind the Question,,2264,1,1,,/Users/bear/Documents/CoWork/bear-textbooks/books/musinique/articles/musinique-189957456-the-question-behind-the-question.md
musinique-189964550-roses-bedight-cletus-bear-spuckler.md,Roses Bedight (Cletus Bear Spuckler),,901,0,0,no-images,/Users/bear/Documents/CoWork/bear-textbooks/books/musinique/articles/musinique-189964550-roses-bedight-cletus-bear-spuckler.md
musinique-190006751-grasshopper-pie-and-the-joy-of-teaching-children-to-ask-why.md,Grasshopper Pie and the Joy of Teaching Children to Ask Why,,1980,1,1,missing-subtitle,/Users/bear/Documents/CoWork/bear-textbooks/books/musinique/articles/musinique-190006751-grasshopper-pie-and-the-joy-of-teaching-children-to-ask-why.md
musinique-190009249-there-s-a-hole-in-the-bottom-of-the-sea-and-the-memory-children-build.md,There's a Hole in the Bottom of the Sea and the Memory Children Build,,2950,1,1,missing-subtitle,/Users/bear/Documents/CoWork/bear-textbooks/books/musinique/articles/musinique-190009249-there-s-a-hole-in-the-bottom-of-the-sea-and-the-memory-children-build.md
musinique-190012771-how-to-make-a-fairy-tale-song-with-ai-briar-rose-as-case-study.md,How to Make a Fairy Tale Song With AI: Briar Rose as Case Study,,3275,1,1,missing-subtitle,/Users/bear/Documents/CoWork/bear-textbooks/books/musinique/articles/musinique-190012771-how-to-make-a-fairy-tale-song-with-ai-briar-rose-as-case-study.md
musinique-190014994-how-to-make-a-symbol-teaching-song-with-ai-we-three-kings-as-case-study.md,How to Make a Symbol-Teaching Song With AI: We Three Kings as Case Study,,2937,1,1,missing-subtitle,/Users/bear/Documents/CoWork/bear-textbooks/books/musinique/articles/musinique-190014994-how-to-make-a-symbol-teaching-song-with-ai-we-three-kings-as-case-study.md
musinique-190019875-how-to-make-a-journey-song-with-ai-over-the-river-and-through-the-wood.md,How to Make a Journey Song With AI: Over the River and Through the Wood,,2909,1,1,missing-subtitle,/Users/bear/Documents/CoWork/bear-textbooks/books/musinique/articles/musinique-190019875-how-to-make-a-journey-song-with-ai-over-the-river-and-through-the-wood.md
musinique-190022808-55-lines-of-tongue-twisters-and-the.md,55 Lines Of Tongue Twisters And The,,2175,1,1,missing-subtitle,/Users/bear/Documents/CoWork/bear-textbooks/books/musinique/articles/musinique-190022808-55-lines-of-tongue-twisters-and-the.md
musinique-190031133-the-platform-is-not-your-friend-what-spotify-s-own-distribution-guide-reveals-about-who-the-system-was-built-for.md,The Platform Is Not Your Friend: What Spotify's Own Distribution Guide Reveals About Who the System Was Built For,,1577,1,1,,/Users/bear/Documents/CoWork/bear-textbooks/books/musinique/articles/musinique-190031133-the-platform-is-not-your-friend-what-spotify-s-own-distribution-guide-reveals-about-who-the-system-was-built-for.md
musinique-190058217-the-pipeline-is-the-point-from-lyrical-literacy-to-a-finished-track.md,The Pipeline Is the Point: From Lyrical Literacy to a Finished Track,,1784,5,5,,/Users/bear/Documents/CoWork/bear-textbooks/books/musinique/articles/musinique-190058217-the-pipeline-is-the-point-from-lyrical-literacy-to-a-finished-track.md
musinique-190068051-the-new-music-gatekeepers.md,The New Music Gatekeepers,,1703,1,1,,/Users/bear/Documents/CoWork/bear-textbooks/books/musinique/articles/musinique-190068051-the-new-music-gatekeepers.md
musinique-190069243-the-six-second-audition.md,The Six-Second Audition,,1615,1,1,duplicate-title,/Users/bear/Documents/CoWork/bear-textbooks/books/musinique/articles/musinique-190069243-the-six-second-audition.md
musinique-190070058-the-total-artist-platform-spotify-2026.md,The Total Artist Platform - Spotify 2026,,1864,1,5,,/Users/bear/Documents/CoWork/bear-textbooks/books/musinique/articles/musinique-190070058-the-total-artist-platform-spotify-2026.md
musinique-190071555-the-invisible-contract.md,The Invisible Contract,,1547,1,6,,/Users/bear/Documents/CoWork/bear-textbooks/books/musinique/articles/musinique-190071555-the-invisible-contract.md
musinique-190072082-soundcloud-for-artists-the-architecture-of-subscription-serfdom.md,SoundCloud for Artists: The Architecture of Subscription Serfdom,,1953,1,6,,/Users/bear/Documents/CoWork/bear-textbooks/books/musinique/articles/musinique-190072082-soundcloud-for-artists-the-architecture-of-subscription-serfdom.md
musinique-190072696-the-strike-the-bot-and-the-silent-album.md,"The Strike, the Bot, and the Silent Album",,1713,1,8,,/Users/bear/Documents/CoWork/bear-textbooks/books/musinique/articles/musinique-190072696-the-strike-the-bot-and-the-silent-album.md
musinique-190073453-the-two-percent.md,The Two Percent,,1371,1,9,,/Users/bear/Documents/CoWork/bear-textbooks/books/musinique/articles/musinique-190073453-the-two-percent.md
musinique-190112271-the-log-the-pool-and-the-architecture-of-reading.md,"The Log, the Pool, and the Architecture of Reading",,2194,1,1,,/Users/bear/Documents/CoWork/bear-textbooks/books/musinique/articles/musinique-190112271-the-log-the-pool-and-the-architecture-of-reading.md
musinique-190113291-the-mechanism-not-the-messenger.md,"The Mechanism, Not the Messenger",,2295,1,1,,/Users/bear/Documents/CoWork/bear-textbooks/books/musinique/articles/musinique-190113291-the-mechanism-not-the-messenger.md
musinique-190121182-what-the-game-teaches-before-the-song-begins.md,What the Game Teaches Before the Song Begins,,1861,1,1,,/Users/bear/Documents/CoWork/bear-textbooks/books/musinique/articles/musinique-190121182-what-the-game-teaches-before-the-song-begins.md
musinique-190129231-four-things-the-monster-teaches.md,Four Things the Monster Teaches,,2259,1,1,,/Users/bear/Documents/CoWork/bear-textbooks/books/musinique/articles/musinique-190129231-four-things-the-monster-teaches.md
musinique-190135982-the-meritocracy-costume.md,The Meritocracy Costume,,3075,0,0,missing-subtitle;no-images,/Users/bear/Documents/CoWork/bear-textbooks/books/musinique/articles/musinique-190135982-the-meritocracy-costume.md
musinique-190136102-spirit-songs-the-spell-the-algorithm.md,Spirit Songs The Spell The Algorithm,,2313,0,0,missing-subtitle;no-images,/Users/bear/Documents/CoWork/bear-textbooks/books/musinique/articles/musinique-190136102-spirit-songs-the-spell-the-algorithm.md
musinique-190144389-the-seven-cognitive-lessons-in-seven-stanzas.md,The Seven Cognitive Lessons in Seven Stanzas,,2485,1,1,,/Users/bear/Documents/CoWork/bear-textbooks/books/musinique/articles/musinique-190144389-the-seven-cognitive-lessons-in-seven-stanzas.md
musinique-190146458-what-each-wish-builds-in-the-child-s-mind.md,What Each Wish Builds in the Child's Mind,,2693,1,1,,/Users/bear/Documents/CoWork/bear-textbooks/books/musinique/articles/musinique-190146458-what-each-wish-builds-in-the-child-s-mind.md
musinique-190147412-stanza-by-stanza-stage-by-stage.md,"Stanza by Stanza, Stage by Stage",,2607,1,1,,/Users/bear/Documents/CoWork/bear-textbooks/books/musinique/articles/musinique-190147412-stanza-by-stanza-stage-by-stage.md
musinique-190156557-the-lullabies-survived-champa-jaan-and-the-spirit-songs-patronus.md,The Lullabies Survived: Champa Jaan and the Spirit Songs Patronus,,2388,1,3,,/Users/bear/Documents/CoWork/bear-textbooks/books/musinique/articles/musinique-190156557-the-lullabies-survived-champa-jaan-and-the-spirit-songs-patronus.md
musinique-190158919-a-ghost-artist-named-roseline-abara.md,A Ghost Artist Named Roseline Abara,,1346,1,1,,/Users/bear/Documents/CoWork/bear-textbooks/books/musinique/articles/musinique-190158919-a-ghost-artist-named-roseline-abara.md
musinique-190162343-don-t-fear-that-roar.md,Don't Fear That Roar,,2391,1,1,,/Users/bear/Documents/CoWork/bear-textbooks/books/musinique/articles/musinique-190162343-don-t-fear-that-roar.md
musinique-190165393-the-audience-that-cannot-hear-music-s-shift-from-body-to-algorithm.md,The Audience That Cannot Hear: Music's Shift from Body to Algorithm,,2503,1,1,,/Users/bear/Documents/CoWork/bear-textbooks/books/musinique/articles/musinique-190165393-the-audience-that-cannot-hear-music-s-shift-from-body-to-algorithm.md
musinique-190166989-the-friction-consultant-why-the-algorithm-can-t-replace-the-tastemaker-only-starve-them.md,The Friction Consultant: Why the Algorithm Can't Replace the Tastemaker — Only Starve Them,,2580,1,1,,/Users/bear/Documents/CoWork/bear-textbooks/books/musinique/articles/musinique-190166989-the-friction-consultant-why-the-algorithm-can-t-replace-the-tastemaker-only-starve-them.md
musinique-190170898-some-things-in-music-are-true-the-algorithm-is-not-one-of-them.md,Some Things in Music Are True. The Algorithm Is Not One of Them.,,2099,1,1,,/Users/bear/Documents/CoWork/bear-textbooks/books/musinique/articles/musinique-190170898-some-things-in-music-are-true-the-algorithm-is-not-one-of-them.md
musinique-190172066-the-crab-who-knew-first.md,The Crab Who Knew First,,1749,1,1,,/Users/bear/Documents/CoWork/bear-textbooks/books/musinique/articles/musinique-190172066-the-crab-who-knew-first.md
musinique-190175047-the-voice-that-tells-the-truth.md,The Voice That Tells the Truth,,1836,1,1,,/Users/bear/Documents/CoWork/bear-textbooks/books/musinique/articles/musinique-190175047-the-voice-that-tells-the-truth.md
musinique-190175944-the-lesson-the-wolf-already-knew.md,The Lesson the Wolf Already Knew,,2098,1,1,,/Users/bear/Documents/CoWork/bear-textbooks/books/musinique/articles/musinique-190175944-the-lesson-the-wolf-already-knew.md
musinique-190179439-back-to-the-cave-ai-non-musical-input-and-the-end-of-the-pythagorean-framework.md,"Back to the Cave: AI, Non-Musical Input, and the End of the Pythagorean Framework",,2447,1,1,,/Users/bear/Documents/CoWork/bear-textbooks/books/musinique/articles/musinique-190179439-back-to-the-cave-ai-non-musical-input-and-the-end-of-the-pythagorean-framework.md
musinique-190224526-the-month-you-owe-the-machine.md,The Month You Owe the Machine,,1621,1,2,,/Users/bear/Documents/CoWork/bear-textbooks/books/musinique/articles/musinique-190224526-the-month-you-owe-the-machine.md
musinique-190227875-before-the-habit-becomes-invisible.md,Before the Habit Becomes Invisible,,2134,1,1,,/Users/bear/Documents/CoWork/bear-textbooks/books/musinique/articles/musinique-190227875-before-the-habit-becomes-invisible.md
musinique-190229420-the-question-that-changes-everything.md,The Question That Changes Everything,,2158,1,1,,/Users/bear/Documents/CoWork/bear-textbooks/books/musinique/articles/musinique-190229420-the-question-that-changes-everything.md
musinique-190231530-what-bedtime-does-that-a-classroom-cannot.md,What Bedtime Does That a Classroom Cannot,,2070,1,1,,/Users/bear/Documents/CoWork/bear-textbooks/books/musinique/articles/musinique-190231530-what-bedtime-does-that-a-classroom-cannot.md
musinique-190235740-the-story-that-keeps-going.md,The Story That Keeps Going,,2404,1,1,,/Users/bear/Documents/CoWork/bear-textbooks/books/musinique/articles/musinique-190235740-the-story-that-keeps-going.md
musinique-190236523-the-glitch-that-taught-children-how-knowledge-is-made.md,The Glitch That Taught Children How Knowledge Is Made,,1943,1,1,,/Users/bear/Documents/CoWork/bear-textbooks/books/musinique/articles/musinique-190236523-the-glitch-that-taught-children-how-knowledge-is-made.md
musinique-190238572-what-the-original-four-lines-never-had-time-to-do.md,What the Original Four Lines Never Had Time to Do,,2233,1,1,,/Users/bear/Documents/CoWork/bear-textbooks/books/musinique/articles/musinique-190238572-what-the-original-four-lines-never-had-time-to-do.md
musinique-190246111-the-argument-that-was-never-the-point.md,The Argument That Was Never the Point,,2360,1,1,,/Users/bear/Documents/CoWork/bear-textbooks/books/musinique/articles/musinique-190246111-the-argument-that-was-never-the-point.md
musinique-190246553-the-last-wish-that-was-never-a-last-wish.md,The Last Wish That Was Never a Last Wish,,2238,1,1,,/Users/bear/Documents/CoWork/bear-textbooks/books/musinique/articles/musinique-190246553-the-last-wish-that-was-never-a-last-wish.md
musinique-190257151-spotify-charges-you-to-be-found.md,Spotify Charges You to Be Found,,1761,1,1,,/Users/bear/Documents/CoWork/bear-textbooks/books/musinique/articles/musinique-190257151-spotify-charges-you-to-be-found.md
musinique-190286760-the-platform-took-your-artist-score-from-5-to-1.md,The Platform Took Your Artist Score From 5 to 1,,1747,4,4,,/Users/bear/Documents/CoWork/bear-textbooks/books/musinique/articles/musinique-190286760-the-platform-took-your-artist-score-from-5-to-1.md
musinique-190290577-how-artist-tools-got-it-wrong.md,How Artist.Tools Got It Wrong,,1884,3,3,,/Users/bear/Documents/CoWork/bear-textbooks/books/musinique/articles/musinique-190290577-how-artist-tools-got-it-wrong.md
musinique-190297368-before-you-hand-a-music-promotion-service-your-credit-card-run-this-prompt.md,"Before You Hand a Music Promotion Service Your Credit Card, Run This Prompt",,3112,1,1,,/Users/bear/Documents/CoWork/bear-textbooks/books/musinique/articles/musinique-190297368-before-you-hand-a-music-promotion-service-your-credit-card-run-this-prompt.md
musinique-190327940-what-enough-is-never-enough-is-teaching-children-about-how-to-think.md,What Enough Is Never Enough Is Teaching Children About How to Think,,2505,1,1,,/Users/bear/Documents/CoWork/bear-textbooks/books/musinique/articles/musinique-190327940-what-enough-is-never-enough-is-teaching-children-about-how-to-think.md
musinique-190328964-the-wolf-used-the-flowers-because-the-flowers-worked.md,The Wolf Used the Flowers Because the Flowers Worked,,2068,1,5,,/Users/bear/Documents/CoWork/bear-textbooks/books/musinique/articles/musinique-190328964-the-wolf-used-the-flowers-because-the-flowers-worked.md
musinique-190335572-your-streaming-promotion-has-a-sharpe-ratio-it-s-probably-negative.md,Your Streaming Promotion Has a Sharpe Ratio. It's Probably Negative.,,1896,1,1,missing-subtitle,/Users/bear/Documents/CoWork/bear-textbooks/books/musinique/articles/musinique-190335572-your-streaming-promotion-has-a-sharpe-ratio-it-s-probably-negative.md
musinique-190412120-the-hundred-visions-and-revisions-before-the-taking-of-a-toast-and-tea.md,The Hundred Visions and Revisions Before the Taking of a Toast and Tea,,3105,1,1,,/Users/bear/Documents/CoWork/bear-textbooks/books/musinique/articles/musinique-190412120-the-hundred-visions-and-revisions-before-the-taking-of-a-toast-and-tea.md
musinique-190415853-the-birds-were-never-pie-filling.md,The Birds Were Never Pie Filling,,2461,1,1,,/Users/bear/Documents/CoWork/bear-textbooks/books/musinique/articles/musinique-190415853-the-birds-were-never-pie-filling.md
musinique-190416846-the-song-that-lets-the-cat-win.md,The Song That Lets the Cat Win,,1900,1,1,,/Users/bear/Documents/CoWork/bear-textbooks/books/musinique/articles/musinique-190416846-the-song-that-lets-the-cat-win.md
musinique-190419402-what-the-spider-knows-that-the-poster-doesn-t.md,What the Spider Knows That the Poster Doesn't,,1989,1,1,,/Users/bear/Documents/CoWork/bear-textbooks/books/musinique/articles/musinique-190419402-what-the-spider-knows-that-the-poster-doesn-t.md
musinique-190423825-the-cognitive-skill-that-no-curriculum-teaches.md,The Cognitive Skill That No Curriculum Teaches,,210,1,1,very-thin,/Users/bear/Documents/CoWork/bear-textbooks/books/musinique/articles/musinique-190423825-the-cognitive-skill-that-no-curriculum-teaches.md
musinique-190461906-f18.md,F18,,2227,0,0,missing-subtitle;no-images,/Users/bear/Documents/CoWork/bear-textbooks/books/musinique/articles/musinique-190461906-f18.md
musinique-190471122-the-six-second-audition.md,The Six-Second Audition.,,2035,1,1,missing-subtitle;duplicate-title,/Users/bear/Documents/CoWork/bear-textbooks/books/musinique/articles/musinique-190471122-the-six-second-audition.md
musinique-190505320-teaching-the-raven-as-if-it-were.md,Teaching The Raven As If It Were,,2228,1,2,missing-subtitle,/Users/bear/Documents/CoWork/bear-textbooks/books/musinique/articles/musinique-190505320-teaching-the-raven-as-if-it-were.md
musinique-190527431-why-the-lamb-had-to-eat-the-bridge.md,Why the Lamb Had to Eat the Bridge,,2554,1,3,,/Users/bear/Documents/CoWork/bear-textbooks/books/musinique/articles/musinique-190527431-why-the-lamb-had-to-eat-the-bridge.md
musinique-190534557-the-donkey-s-question-is-the-most-important-sentence-in-the-story.md,The Donkey's Question Is the Most Important Sentence in the Story,,2499,1,3,,/Users/bear/Documents/CoWork/bear-textbooks/books/musinique/articles/musinique-190534557-the-donkey-s-question-is-the-most-important-sentence-in-the-story.md
musinique-190536516-seven-hundred-nightingales-and-the-cognitive-science-of-finding-one.md,Seven Hundred Nightingales and the Cognitive Science of Finding One,,2398,1,3,,/Users/bear/Documents/CoWork/bear-textbooks/books/musinique/articles/musinique-190536516-seven-hundred-nightingales-and-the-cognitive-science-of-finding-one.md
musinique-190594055-genre-entropy-is-destroying-your-discover-weekly.md,Genre Entropy Is Destroying Your Discover Weekly.,,2038,1,1,missing-subtitle,/Users/bear/Documents/CoWork/bear-textbooks/books/musinique/articles/musinique-190594055-genre-entropy-is-destroying-your-discover-weekly.md
musinique-190692679-cantilever-and-the-case-against-the-celestial-jukebox.md,Cantilever and the Case Against the Celestial Jukebox,,1709,1,5,,/Users/bear/Documents/CoWork/bear-textbooks/books/musinique/articles/musinique-190692679-cantilever-and-the-case-against-the-celestial-jukebox.md
musinique-190981507-the-confusion-window-how-spotify-s-release-radar-became-a-fraud-engine.md,The Confusion Window: How Spotify's Release Radar Became a Fraud Engine,,2243,1,4,duplicate-title,/Users/bear/Documents/CoWork/bear-textbooks/books/musinique/articles/musinique-190981507-the-confusion-window-how-spotify-s-release-radar-became-a-fraud-engine.md
musinique-190984338-the-ghost-in-the-algorithm-velvet-sundown-and-the-new-economy-of-synthetic-capture.md,The Ghost in the Algorithm: Velvet Sundown and the New Economy of Synthetic Capture,,2110,1,4,,/Users/bear/Documents/CoWork/bear-textbooks/books/musinique/articles/musinique-190984338-the-ghost-in-the-algorithm-velvet-sundown-and-the-new-economy-of-synthetic-capture.md
musinique-190993993-the-weight-you-carry-when-you-go-on.md,The Weight You Carry When You Go On,,1578,0,0,no-images,/Users/bear/Documents/CoWork/bear-textbooks/books/musinique/articles/musinique-190993993-the-weight-you-carry-when-you-go-on.md
musinique-191092528-miniver-cheevy-has-a-music-video-now-he-would-have-had-thoughts-about-this.md,Miniver Cheevy Has a Music Video Now. He Would Have Had Thoughts About This,,1395,1,1,,/Users/bear/Documents/CoWork/bear-textbooks/books/musinique/articles/musinique-191092528-miniver-cheevy-has-a-music-video-now-he-would-have-had-thoughts-about-this.md
musinique-191161958-the-songs-the-algorithm-cannot-find.md,The Songs the Algorithm Cannot Find,,1829,1,1,,/Users/bear/Documents/CoWork/bear-textbooks/books/musinique/articles/musinique-191161958-the-songs-the-algorithm-cannot-find.md
musinique-191418692-the-biggest-playlists-are-the-worst-playlists.md,The Biggest Playlists Are the Worst Playlists,,3525,1,1,missing-subtitle,/Users/bear/Documents/CoWork/bear-textbooks/books/musinique/articles/musinique-191418692-the-biggest-playlists-are-the-worst-playlists.md
musinique-192019107-the-wrecking-crew-never-stole-anyone-s-royalties.md,The Wrecking Crew Never Stole Anyone’s Royalties,,1194,3,3,,/Users/bear/Documents/CoWork/bear-textbooks/books/musinique/articles/musinique-192019107-the-wrecking-crew-never-stole-anyone-s-royalties.md
musinique-192024748-what-spotify-for-artists-doesn-t-show-you.md,What Spotify for Artists Doesn’t Show You,,2682,1,2,,/Users/bear/Documents/CoWork/bear-textbooks/books/musinique/articles/musinique-192024748-what-spotify-for-artists-doesn-t-show-you.md
musinique-192119419-the-arithmetic-of-making-it.md,The Arithmetic of Making It,,2212,1,1,,/Users/bear/Documents/CoWork/bear-textbooks/books/musinique/articles/musinique-192119419-the-arithmetic-of-making-it.md
musinique-192282145-the-last-unmeasured-moment.md,The Last Unmeasured Moment,,1696,0,0,no-images,/Users/bear/Documents/CoWork/bear-textbooks/books/musinique/articles/musinique-192282145-the-last-unmeasured-moment.md
musinique-192760839-the-earworm-is-the-point-they-re-not-obsessed-they-re-encoding.md,The Earworm Is the Point - They're Not Obsessed. They're Encoding,,1662,4,4,,/Users/bear/Documents/CoWork/bear-textbooks/books/musinique/articles/musinique-192760839-the-earworm-is-the-point-they-re-not-obsessed-they-re-encoding.md
musinique-192927566-the-listener-is-the-instrument.md,The Listener Is the Instrument,,1340,0,0,no-images,/Users/bear/Documents/CoWork/bear-textbooks/books/musinique/articles/musinique-192927566-the-listener-is-the-instrument.md
musinique-192928968-before-the-first-note.md,Before the First Note,,1448,0,0,no-images,/Users/bear/Documents/CoWork/bear-textbooks/books/musinique/articles/musinique-192928968-before-the-first-note.md
musinique-192987071-running-an-ai-music-project-week-2-progress-report.md,Running an AI Music Project: Week 2 Progress Report,,1171,0,0,no-images,/Users/bear/Documents/CoWork/bear-textbooks/books/musinique/articles/musinique-192987071-running-an-ai-music-project-week-2-progress-report.md
musinique-193101053-what-the-machine-wants-and-how-to.md,What The Machine Wants And How To,,1905,0,0,missing-subtitle;no-images,/Users/bear/Documents/CoWork/bear-textbooks/books/musinique/articles/musinique-193101053-what-the-machine-wants-and-how-to.md
musinique-193101163-johan-rohrs-tutorial.md,Johan Rohrs Tutorial,,2013,0,0,missing-subtitle;no-images,/Users/bear/Documents/CoWork/bear-textbooks/books/musinique/articles/musinique-193101163-johan-rohrs-tutorial.md
musinique-193101324-the-critic-is-dead-long-live-the.md,The Critic Is Dead Long Live The,,1997,0,0,missing-subtitle;no-images,/Users/bear/Documents/CoWork/bear-textbooks/books/musinique/articles/musinique-193101324-the-critic-is-dead-long-live-the.md
musinique-193103039-51-percent.md,51 Percent,,2041,0,0,missing-subtitle;no-images,/Users/bear/Documents/CoWork/bear-textbooks/books/musinique/articles/musinique-193103039-51-percent.md
musinique-193103089-the-ghost-in-the-machine.md,The Ghost In The Machine,,1936,0,0,missing-subtitle;no-images,/Users/bear/Documents/CoWork/bear-textbooks/books/musinique/articles/musinique-193103089-the-ghost-in-the-machine.md
musinique-193125367-the-absence-of-measurement-is-the.md,The Absence Of Measurement Is The,,2029,0,0,missing-subtitle;no-images,/Users/bear/Documents/CoWork/bear-textbooks/books/musinique/articles/musinique-193125367-the-absence-of-measurement-is-the.md
musinique-193130252-spotify-brand-protection-campaign-book-or-spotify-has-a-brand-problem.md,Spotify Brand Protection Campaign Book (Or Spotify has a Brand Problem),,5678,1,1,,/Users/bear/Documents/CoWork/bear-textbooks/books/musinique/articles/musinique-193130252-spotify-brand-protection-campaign-book-or-spotify-has-a-brand-problem.md
musinique-193136732-the-platform-has-no-incentive-to-look.md,The Platform Has No Incentive to Look,,1740,1,1,,/Users/bear/Documents/CoWork/bear-textbooks/books/musinique/articles/musinique-193136732-the-platform-has-no-incentive-to-look.md
musinique-193137350-what-happens-to-a-song-once-it-leaves-you.md,What Happens to a Song Once It Leaves You,,1411,0,0,no-images,/Users/bear/Documents/CoWork/bear-textbooks/books/musinique/articles/musinique-193137350-what-happens-to-a-song-once-it-leaves-you.md
musinique-193498290-the-misread-that-stalls-careers.md,The Misread That Stalls Careers,,1713,1,4,,/Users/bear/Documents/CoWork/bear-textbooks/books/musinique/articles/musinique-193498290-the-misread-that-stalls-careers.md
musinique-193512192-friction-is-not-the-enemy.md,Friction Is Not the Enemy,,1493,1,1,,/Users/bear/Documents/CoWork/bear-textbooks/books/musinique/articles/musinique-193512192-friction-is-not-the-enemy.md
musinique-193808028-the-artist-the-algorithm-never-found.md,The Artist the Algorithm Never Found,,1756,0,0,no-images,/Users/bear/Documents/CoWork/bear-textbooks/books/musinique/articles/musinique-193808028-the-artist-the-algorithm-never-found.md
musinique-193817272-the-musinique-article-drafting-workflow-from-raw-artist-data-to-published-substack.md,The Musinique Article Drafting Workflow: From Raw Artist Data to Published Substack,,637,0,0,no-images,/Users/bear/Documents/CoWork/bear-textbooks/books/musinique/articles/musinique-193817272-the-musinique-article-drafting-workflow-from-raw-artist-data-to-published-substack.md
musinique-194260243-the-same-tools-pointed-differently.md,"The Same Tools, Pointed Differently",,2639,5,5,,/Users/bear/Documents/CoWork/bear-textbooks/books/musinique/articles/musinique-194260243-the-same-tools-pointed-differently.md
musinique-194535929-genre-coherence-is-the-strongest.md,Genre Coherence Is The Strongest,,2927,0,0,missing-subtitle;no-images,/Users/bear/Documents/CoWork/bear-textbooks/books/musinique/articles/musinique-194535929-genre-coherence-is-the-strongest.md
musinique-194541773-running-an-ai-music-project-week-3-progress-report.md,Running an AI Music Project: Week 3 Progress Report,,1646,0,0,no-images,/Users/bear/Documents/CoWork/bear-textbooks/books/musinique/articles/musinique-194541773-running-an-ai-music-project-week-3-progress-report.md
musinique-194609709-the-catalog-that-compounded-in-the-wrong-direction.md,The Catalog That Compounded in the Wrong Direction,,1770,1,1,,/Users/bear/Documents/CoWork/bear-textbooks/books/musinique/articles/musinique-194609709-the-catalog-that-compounded-in-the-wrong-direction.md
musinique-194709918-the-algorithm-found-him-it-cannot-reach-back.md,The Algorithm Found Him. It Cannot Reach Back.,,2036,1,1,,/Users/bear/Documents/CoWork/bear-textbooks/books/musinique/articles/musinique-194709918-the-algorithm-found-him-it-cannot-reach-back.md
musinique-194736474-the-platform-has-no-geography.md,The Platform Has No Geography,,2398,0,1,no-images,/Users/bear/Documents/CoWork/bear-textbooks/books/musinique/articles/musinique-194736474-the-platform-has-no-geography.md
musinique-195302713-the-tool-that-finds-the-playlist-the-tool-that-reads-the-room.md,The Tool That Finds the Playlist. The Tool That Reads the Room.,,2311,0,0,no-images,/Users/bear/Documents/CoWork/bear-textbooks/books/musinique/articles/musinique-195302713-the-tool-that-finds-the-playlist-the-tool-that-reads-the-room.md
musinique-195325403-we-crawled-5859-playlists-heres-what.md,We Crawled 5859 Playlists Heres What,,1925,0,0,missing-subtitle;no-images,/Users/bear/Documents/CoWork/bear-textbooks/books/musinique/articles/musinique-195325403-we-crawled-5859-playlists-heres-what.md
musinique-195467756-running-an-ai-music-project-week-4-progress-report.md,Running an AI Music Project: Week 4 Progress Report,,749,0,0,no-images,/Users/bear/Documents/CoWork/bear-textbooks/books/musinique/articles/musinique-195467756-running-an-ai-music-project-week-4-progress-report.md
musinique-195467969-running-an-ai-music-project-week-5-progress-report.md,Running an AI Music Project: Week 5 Progress Report,,923,0,0,no-images,/Users/bear/Documents/CoWork/bear-textbooks/books/musinique/articles/musinique-195467969-running-an-ai-music-project-week-5-progress-report.md
musinique-pantry-algorithmic-health-catalog-discovery-2026-andromeda-framework.md,Algorithmic Health & Catalog Discovery: 2026 Andromeda Framework,,1521,0,16,no-images,/Users/bear/Documents/CoWork/bear-textbooks/books/musinique/articles/musinique-pantry-algorithmic-health-catalog-discovery-2026-andromeda-framework.md
musinique-pantry-algorithmic-health-catalog-discovery-the-2026-andromeda-framework.md,Algorithmic Health & Catalog Discovery: The 2026 Andromeda Framework,,1406,0,17,no-images,/Users/bear/Documents/CoWork/bear-textbooks/books/musinique/articles/musinique-pantry-algorithmic-health-catalog-discovery-the-2026-andromeda-framework.md
musinique-pantry-algorithmic-infiltration-release-radar-weaponization-royalty-fraud.md,Algorithmic Infiltration: Release Radar Weaponization & Royalty Fraud,,3326,0,23,no-images,/Users/bear/Documents/CoWork/bear-textbooks/books/musinique/articles/musinique-pantry-algorithmic-infiltration-release-radar-weaponization-royalty-fraud.md
musinique-pantry-forensic-investigation-spotify-streaming-fraud-and-algorithmic-signal-divergence.md,Forensic Investigation: Spotify Streaming Fraud and Algorithmic Signal Divergence,,4300,0,48,no-images,/Users/bear/Documents/CoWork/bear-textbooks/books/musinique/articles/musinique-pantry-forensic-investigation-spotify-streaming-fraud-and-algorithmic-signal-divergence.md
musinique-pantry-imrad-outline-the-spotify-fork-structural-fraud-metric-inflation-and-the-100-billion-choice.md,"IMRaD Outline: The Spotify Fork — Structural Fraud, Metric Inflation, and the $100 Billion Choice",,3633,0,0,no-images,/Users/bear/Documents/CoWork/bear-textbooks/books/musinique/articles/musinique-pantry-imrad-outline-the-spotify-fork-structural-fraud-metric-inflation-and-the-100-billion-choice.md
musinique-pantry-modern-music-journalism-and-the-critical-imperative.md,Modern Music Journalism and the Critical Imperative,,3681,0,40,no-images,/Users/bear/Documents/CoWork/bear-textbooks/books/musinique/articles/musinique-pantry-modern-music-journalism-and-the-critical-imperative.md
musinique-pantry-spotify-engagement-integrity-mau-methodology-bot-classification-sec-disclosure.md,"Spotify Engagement Integrity: MAU Methodology, Bot Classification & SEC Disclosure",,4888,0,52,no-images,/Users/bear/Documents/CoWork/bear-textbooks/books/musinique/articles/musinique-pantry-spotify-engagement-integrity-mau-methodology-bot-classification-sec-disclosure.md
musinique-pantry-spotify-streaming-fraud-forensic-investigation-2025-2026.md,Spotify Streaming Fraud: Forensic Investigation 2025–2026,,3546,0,28,no-images,/Users/bear/Documents/CoWork/bear-textbooks/books/musinique/articles/musinique-pantry-spotify-streaming-fraud-forensic-investigation-2025-2026.md
musinique-pantry-the-100-billion-argument-how-spotify-s-market-cap-makes-the-absence-of-measurement-indefensible.md,The $100 Billion Argument: How Spotify's Market Cap Makes the Absence of Measurement Indefensible,,1227,0,0,no-images,/Users/bear/Documents/CoWork/bear-textbooks/books/musinique/articles/musinique-pantry-the-100-billion-argument-how-spotify-s-market-cap-makes-the-absence-of-measurement-indefensible.md
musinique-pantry-the-architecture-of-appropriation-pro-rata-vs-user-centric-royalty-models.md,The Architecture of Appropriation: Pro-Rata vs. User-Centric Royalty Models,,3774,0,31,no-images,/Users/bear/Documents/CoWork/bear-textbooks/books/musinique/articles/musinique-pantry-the-architecture-of-appropriation-pro-rata-vs-user-centric-royalty-models.md
musinique-pantry-the-automated-symphony-bot-traffic-artificial-streaming-on-spotify-2024-2026.md,The Automated Symphony: Bot Traffic & Artificial Streaming on Spotify 2024–2026,,3085,0,26,no-images,/Users/bear/Documents/CoWork/bear-textbooks/books/musinique/articles/musinique-pantry-the-automated-symphony-bot-traffic-artificial-streaming-on-spotify-2024-2026.md
musinique-pantry-the-confusion-window-how-spotify-s-release-radar-became-a-fraud-engine.md,The Confusion Window: How Spotify's Release Radar Became a Fraud Engine,,2348,0,2,no-images;duplicate-title,/Users/bear/Documents/CoWork/bear-textbooks/books/musinique/articles/musinique-pantry-the-confusion-window-how-spotify-s-release-radar-became-a-fraud-engine.md
musinique-pantry-the-ghost-in-the-machine-what-40-spotify-artists-reveal-about-streaming-s-invisible-fraud.md,The Ghost in the Machine: What 40 Spotify Artists Reveal About Streaming's Invisible Fraud,,1350,0,3,no-images;duplicate-title,/Users/bear/Documents/CoWork/bear-textbooks/books/musinique/articles/musinique-pantry-the-ghost-in-the-machine-what-40-spotify-artists-reveal-about-streaming-s-invisible-fraud.md
musinique-pantry-the-global-authenticity-crisis-structural-risks-in-digital-audio-2026.md,The Global Authenticity Crisis: Structural Risks in Digital Audio 2026,,3001,0,28,no-images,/Users/bear/Documents/CoWork/bear-textbooks/books/musinique/articles/musinique-pantry-the-global-authenticity-crisis-structural-risks-in-digital-audio-2026.md
musinique-pantry-the-invisible-contract-spotify-algorithmic-discovery-spotify-project-html.md,The Invisible Contract — Spotify Algorithmic Discovery,,2428,0,0,missing-subtitle;no-images;duplicate-title,/Users/bear/Documents/CoWork/bear-textbooks/books/musinique/articles/musinique-pantry-the-invisible-contract-spotify-algorithmic-discovery-spotify-project-html.md
musinique-pantry-the-invisible-contract-spotify-algorithmic-discovery.md,The Invisible Contract — Spotify Algorithmic Discovery,,2428,0,0,missing-subtitle;no-images;duplicate-title,/Users/bear/Documents/CoWork/bear-textbooks/books/musinique/articles/musinique-pantry-the-invisible-contract-spotify-algorithmic-discovery.md
musinique-pantry-the-rhythm-of-relevance.md,The Rhythm of Relevance,,4486,0,31,no-images,/Users/bear/Documents/CoWork/bear-textbooks/books/musinique/articles/musinique-pantry-the-rhythm-of-relevance.md
musinique-pantry-the-spotify-fork-metric-inflation-vs-platform-consolidation-in-digital-audio.md,The Spotify Fork: Metric Inflation vs. Platform Consolidation in Digital Audio,,2832,0,0,no-images,/Users/bear/Documents/CoWork/bear-textbooks/books/musinique/articles/musinique-pantry-the-spotify-fork-metric-inflation-vs-platform-consolidation-in-digital-audio.md
musinique-pantry-the-strategic-architecture-of-music-promotion-in-2026.md,The Strategic Architecture of Music Promotion in 2026,,4094,0,48,no-images,/Users/bear/Documents/CoWork/bear-textbooks/books/musinique/articles/musinique-pantry-the-strategic-architecture-of-music-promotion-in-2026.md
musinique-pantry-the-strategic-divergence-of-music-streaming-platforms-regulatory-compulsion-pricing-elasticity-and-platform-neutrality.md,"The Strategic Divergence of Music Streaming Platforms: Regulatory Compulsion, Pricing Elasticity, and Platform Neutrality",,2389,0,0,no-images,/Users/bear/Documents/CoWork/bear-textbooks/books/musinique/articles/musinique-pantry-the-strategic-divergence-of-music-streaming-platforms-regulatory-compulsion-pricing-elasticity-and-platform-neutrality.md
musinique-pantry-velvet-sundown-synthetic-artist-construction-and-the-capture-of-spotify-s-recommendation-graph.md,Velvet Sundown: Synthetic Artist Construction and the Capture of Spotify's Recommendation Graph,,1872,0,2,no-images,/Users/bear/Documents/CoWork/bear-textbooks/books/musinique/articles/musinique-pantry-velvet-sundown-synthetic-artist-construction-and-the-capture-of-spotify-s-recommendation-graph.md
musinique-pantry-what-the-dashboard-doesn-t-show-reading-the-signals-spotify-hides.md,What the Dashboard Doesn't Show: Reading the Signals Spotify Hides,,2700,0,2,no-images,/Users/bear/Documents/CoWork/bear-textbooks/books/musinique/articles/musinique-pantry-what-the-dashboard-doesn-t-show-reading-the-signals-spotify-hides.md
musinique-pantry-why-apple-forgoes-short-term-price-promotions-against-spotify.md,Why Apple Forgoes Short-Term Price Promotions Against Spotify,,2235,0,0,no-images,/Users/bear/Documents/CoWork/bear-textbooks/books/musinique/articles/musinique-pantry-why-apple-forgoes-short-term-price-promotions-against-spotify.md
