"Name","Version","License"
"protobuf","7.34.1","3-Clause BSD License"
"asttokens","3.0.1","Apache 2.0"
"multidict","6.7.1","Apache License 2.0"
"aiosignal","1.4.0","Apache Software License"
"distro","1.7.0","Apache Software License"
"immutables","0.21","Apache Software License"
"importlib-metadata","4.6.4","Apache Software License"
"propcache","0.5.2","Apache Software License"
"requests","2.34.0","Apache Software License"
"sortedcontainers","2.4.0","Apache Software License"
"vyper","0.4.3","Apache Software License"
"cryptography","3.4.8","Apache Software License; BSD License"
"packaging","24.2","Apache Software License; BSD License"
"python-dateutil","2.9.0.post0","Apache Software License; BSD License"
"async-generator","1.10","Apache Software License; MIT License"
"outcome","1.3.0.post0","Apache Software License; MIT License"
"sniffio","1.3.1","Apache Software License; MIT License"
"trio-typing","0.10.0","Apache Software License; MIT License"
"ckzg","2.1.7","Apache-2.0"
"frozenlist","1.8.0","Apache-2.0"
"python-multipart","0.0.28","Apache-2.0"
"scone_bench","0.1.0","Apache-2.0"
"types-requests","2.33.0.20260508","Apache-2.0"
"tzdata","2026.2","Apache-2.0"
"yarl","1.23.0","Apache-2.0"
"regex","2026.5.9","Apache-2.0 AND CNRI-Python"
"aiohttp","3.13.5","Apache-2.0 AND MIT"
"cryptography","48.0.0","Apache-2.0 OR BSD-3-Clause"
"SecretStorage","3.3.1","BSD License"
"httpx","0.28.1","BSD License"
"netaddr","1.3.0","BSD License"
"oauthlib","3.2.0","BSD License"
"pandas","2.3.3","BSD License"
"websockets","15.0.1","BSD License"
"pycryptodome","3.23.0","BSD License; Public Domain"
"Pygments","2.20.0","BSD-2-Clause"
"click","8.3.3","BSD-3-Clause"
"cytoolz","1.1.0","BSD-3-Clause"
"httpcore","1.0.9","BSD-3-Clause"
"idna","3.14","BSD-3-Clause"
"psutil","7.2.2","BSD-3-Clause"
"pycparser","3.0","BSD-3-Clause"
"python-dotenv","1.2.2","BSD-3-Clause"
"sse-starlette","3.4.3","BSD-3-Clause"
"starlette","1.0.0","BSD-3-Clause"
"toolz","1.1.0","BSD-3-Clause"
"uvicorn","0.46.0","BSD-3-Clause"
"numpy","2.4.4","BSD-3-Clause AND 0BSD AND MIT AND Zlib AND CC0-1.0"
"blake3","1.0.8","CC0-1.0 OR Apache-2.0"
"python-apt","2.4.0+ubuntu4.1","GNU GPL"
"PyGObject","3.42.1","GNU Lesser General Public License v2 or later (LGPLv2+)"
"launchpadlib","1.10.16","GNU Library or Lesser General Public License (LGPL)"
"lazr.restfulclient","0.14.4","GNU Library or Lesser General Public License (LGPL)"
"lazr.uri","1.0.6","GNU Library or Lesser General Public License (LGPL)"
"wadllib","1.3.6","GNU Library or Lesser General Public License (LGPL)"
"dnspython","2.8.0","ISC License (ISCL)"
"shellingham","1.5.4","ISC License (ISCL)"
"PyJWT","2.12.1","MIT"
"annotated-doc","0.0.4","MIT"
"anyio","4.13.0","MIT"
"attrs","26.1.0","MIT"
"cbor2","5.9.0","MIT"
"cffi","2.0.0","MIT"
"charset-normalizer","3.4.7","MIT"
"httpx-sse","0.4.3","MIT"
"jsonschema","4.26.0","MIT"
"jsonschema-specifications","2025.9.1","MIT"
"lru-dict","1.4.1","MIT"
"mypy_extensions","1.1.0","MIT"
"py-cid","0.5.0","MIT"
"py-multihash","3.0.0","MIT"
"pydantic","2.13.4","MIT"
"pydantic-settings","2.14.1","MIT"
"pydantic_core","2.46.4","MIT"
"pyunormalize","17.0.0","MIT"
"referencing","0.37.0","MIT"
"rpds-py","0.30.0","MIT"
"typer","0.25.1","MIT"
"typing-inspection","0.4.2","MIT"
"uniswap-universal-router-decoder","2.1.0","MIT"
"urllib3","2.7.0","MIT"
"PyJWT","2.3.0","MIT License"
"annotated-types","0.7.0","MIT License"
"appdirs","1.4.4","MIT License"
"base58","2.1.1","MIT License"
"blinker","1.4","MIT License"
"coloredlogs","15.0.1","MIT License"
"credit-rate-limit","0.2.0","MIT License"
"dbus-python","1.2.18","MIT License"
"eth-account","0.13.7","MIT License"
"eth-hash","0.8.0","MIT License"
"eth-keyfile","0.8.1","MIT License"
"eth-keys","0.7.0","MIT License"
"eth-rlp","2.2.0","MIT License"
"eth-typing","6.0.0","MIT License"
"eth-utils","6.0.0","MIT License"
"eth_abi","5.2.0","MIT License"
"h11","0.16.0","MIT License"
"hexbytes","1.3.1","MIT License"
"httplib2","0.20.2","MIT License"
"humanfriendly","10.0","MIT License"
"ipfshttpclient","0.8.0a2","MIT License"
"jeepney","0.7.1","MIT License"
"lark","1.3.1","MIT License"
"markdown-it-py","4.2.0","MIT License"
"mcp","1.27.1","MIT License"
"mdurl","0.1.2","MIT License"
"mmh3","5.2.1","MIT License"
"more-itertools","8.10.0","MIT License"
"morphys","1.0","MIT License"
"multiaddr","0.2.0","MIT License"
"parsimonious","0.10.0","MIT License"
"py-multibase","2.0.0","MIT License"
"py-multicodec","1.0.0","MIT License"
"pyparsing","2.4.7","MIT License"
"pytz","2026.2","MIT License"
"rich","15.0.0","MIT License"
"rlp","4.1.0","MIT License"
"six","1.16.0","MIT License"
"six","1.17.0","MIT License"
"timeout-decorator","0.5.0","MIT License"
"uniswap-smart-path","0.3.0","MIT License"
"varint","1.0.2","MIT License"
"vvm","0.3.2","MIT License"
"web3","7.16.0","MIT License"
"zipp","1.0.0","MIT License"
"keyring","23.5.0","MIT License; Python Software Foundation License"
"trio","0.33.0","MIT OR Apache-2.0"
"uv","0.11.9","MIT OR Apache-2.0"
"certifi","2026.4.22","Mozilla Public License 2.0 (MPL 2.0)"
"bitarray","3.8.1","PSF-2.0"
"typing_extensions","4.15.0","PSF-2.0"
"aiohappyeyeballs","2.6.1","Python Software Foundation License"
"python-baseconv","1.2.2","Python Software Foundation License"
"panoramix-decompiler","0.6.1","UNKNOWN"
