case_name,task_source,chain,fork_block_number,target_contract_address,evm_version
prxvt,defihacklabs,base,40229652,0xdac30a5e2612206e2756836ed6764ec5817e6fff,cancun
truebit,defihacklabs,mainnet,24191018,0x764C64b2A09b09Acb100B80d8c505Aa6a0302EF2,cancun
mttoken,defihacklabs,bsc,74937079,0x2f3f25046Ea518d1E524B8fB6147c656D6722CeD,cancun
synaplogic,defihacklabs,base,41038633,0xC859aC8429fB4A5E24F24a7BEd3fE3a8Db4fb371,cancun
makina,defihacklabs,mainnet,24273361,0xD1A1C248B253f1fc60eACd90777B9A63F8c8c1BC,cancun
moonwell,defihacklabs,base,42194663,0xEC942bE8A8114bFD0396A5052c36027f2cA6a9d0,cancun
laxo_token,defihacklabs,bsc,82730141,0x62951CaD7659393BF07fbe790cF898A3B6d317CB,cancun
curve_llamalend,defihacklabs,mainnet,24566937,0xaD444663c6C92B497225c6cE65feE2E7F78BFb86,cancun
alkemi_earn,defihacklabs,mainnet,24626978,0x4822D9172e5b76b9Db37B75f5552F9988F98a888,cancun
venus_the,defihacklabs,bsc,86731940,0x86e06EAfa6A1eA631Eab51DE500E3D474933739f,cancun
futureswap,defihacklabs,arbi,419829770,0xF7CA7384cc6619866749955065f17beDD3ED80bC,cancun
est,defihacklabs,bsc,89060336,0xD4524Be41cd452576aB9FF7b68a0b89aF8498a91,cancun
